<?xml version="1.0" ?>
<LOG_ROOT>
	<PROJECT NAME="base">
		<CBX_INST_ENTRY INSTANCE_NAME="|base|dac_b:inst2|lpm_divide:Div0" CBX_FILE_NAME="lpm_divide_f5m.tdf"/>
		<CBX_INST_ENTRY INSTANCE_NAME="|base|dac_b:inst2|lpm_divide:Mod3" CBX_FILE_NAME="lpm_divide_otl.tdf"/>
		<CBX_INST_ENTRY INSTANCE_NAME="|base|dac_b:inst2|lpm_divide:Div1" CBX_FILE_NAME="lpm_divide_f5m.tdf"/>
		<CBX_INST_ENTRY INSTANCE_NAME="|base|dac_b:inst2|lpm_divide:Div3" CBX_FILE_NAME="lpm_divide_g5m.tdf"/>
		<CBX_INST_ENTRY INSTANCE_NAME="|base|dac_b:inst2|lpm_divide:Mod0" CBX_FILE_NAME="lpm_divide_mtl.tdf"/>
		<CBX_INST_ENTRY INSTANCE_NAME="|base|dac_b:inst2|lpm_divide:Mod2" CBX_FILE_NAME="lpm_divide_mtl.tdf"/>
		<CBX_INST_ENTRY INSTANCE_NAME="|base|dac_b:inst2|lpm_divide:Mod4" CBX_FILE_NAME="lpm_divide_otl.tdf"/>
		<CBX_INST_ENTRY INSTANCE_NAME="|base|dac_b:inst2|lpm_divide:Div2" CBX_FILE_NAME="lpm_divide_g5m.tdf"/>
		<CBX_INST_ENTRY INSTANCE_NAME="|base|dac_b:inst2|lpm_divide:Mod1" CBX_FILE_NAME="lpm_divide_mtl.tdf"/>
		<CBX_INST_ENTRY INSTANCE_NAME="|base|dac_b:inst2|lpm_divide:Mod5" CBX_FILE_NAME="lpm_divide_otl.tdf"/>
	</PROJECT>
</LOG_ROOT>
